Type Of Evaluation,Processing Time (ms),NFA/Tree Creation Time (ms),Number Of Computations,Number Of Parallel Computations,Number of comparison of timestamp,Number of Parallel Comparisons Of Timestamps,Number Of Correlation Computations,Number Of Aggregation Computations,Number Of Memory Operations,Number Of Instance Creations,Parallel Partial Matches Creations,Number Of Instance Deletions,Parallel Partial Instance Deletions,Number Of Buffer Insertion Operations,Number Of Parallel Buffer Insertion Operations,Number Of Buffer Removal Operations,Number Of Parallel Buffer Removal Operations,Number Of Events,Number Of Matches,Peak Instances,Peak Buffered Events,Peak Memory Consumption,Adaptation Time (ms),Number Of Adaptations,Automaton States Number,Automaton Transitions Number,Tree Nodes Number,Timeout,Number Of Input Changes,Number Of Undetected Input Changes,Number Of False Adaptations,Number Of Synchronization Actions,Number Of Successful optimistic reads,Number Of failed optimistic reads,Balancing for the parallel algorithm,Average Latency,Average Input Change Detection Time,Evaluation Plan Cost
"Parallel chain NFA|TRIVIAL|THROUGHPUT_LATENCY|0.0;Pattern SENSORSEQ3: type SENSOR_PATTERN; time window 30; structure SEQ(Sleep,Drink,Toilet); conditions [Activity change comparison between Sleep and Drink,Activity change comparison between Drink and Toilet];det=NONE;;N/A",1888,1474,0,0,0,0,0,0,1,1,0,0,0,0,0,0,0,20197,58949,0,0,8828708,0,0,5,8,0,0,0,0,0,0,0,0,0,133.3934248,0,2.65E+11
"Parallel split-duplicate chain (chinese algorithm)|TRIVIAL|THROUGHPUT_LATENCY|0.0;Pattern SENSORSEQ3: type SENSOR_PATTERN; time window 30; structure SEQ(Sleep,Drink,Toilet); conditions [Activity change comparison between Sleep and Drink,Activity change comparison between Drink and Toilet];det=NONE;;N/A",1537,0,0,0,0,0,0,0,1,1,0,0,0,0,0,0,0,20197,58949,0,0,4702298760,0,0,5,8,0,0,0,0,0,0,0,0,0,280.5561417,0,2.65E+11
"RIP Parallel chain NFA|0.000000|0;Pattern SENSORSEQ3: type SENSOR_PATTERN; time window 30; structure SEQ(Sleep,Drink,Toilet); conditions [Activity change comparison between Sleep and Drink,Activity change comparison between Drink and Toilet];det=NONE;;N/A",922,82,0,0,0,0,0,0,294502,95657,0,93959,0,104931,0,10632,0,19975,58949,8591,347,21405540,0,0,5,8,0,0,0,0,0,39089,0,0,0,376.9119408,0,2.65E+11
"Chain NFA|TRIVIAL|THROUGHPUT_LATENCY|0.0;Pattern SENSORSEQ3: type SENSOR_PATTERN; time window 30; structure SEQ(Sleep,Drink,Toilet); conditions [Activity change comparison between Sleep and Drink,Activity change comparison between Drink and Toilet];det=NONE;;N/A",951,0,0,0,0,0,0,0,318154,98953,0,98952,0,109613,0,10636,0,20197,58949,8591,347,5820012,0,0,5,8,0,0,0,0,0,0,0,0,0,64.21545743,0,2.65E+11
"Parallel chain NFA|TRIVIAL|THROUGHPUT_LATENCY|0.0;Pattern SENSORSEQ4: type SENSOR_PATTERN; time window 30; structure SEQ(Sleep,Drink,Toilet,Cook_Dinner); conditions [Activity change comparison between Sleep and Drink,Activity change comparison between Drink and Toilet,Activity change comparison between Toilet and Cook_Dinner];det=NONE;;N/A",988,0,0,0,0,0,0,0,1,1,0,0,0,0,0,0,0,32758,74875,0,0,33575616,0,0,6,13,0,0,0,0,0,0,0,0,0,538.0125943,0,3.33E+15
"Parallel split-duplicate chain (chinese algorithm)|TRIVIAL|THROUGHPUT_LATENCY|0.0;Pattern SENSORSEQ4: type SENSOR_PATTERN; time window 30; structure SEQ(Sleep,Drink,Toilet,Cook_Dinner); conditions [Activity change comparison between Sleep and Drink,Activity change comparison between Drink and Toilet,Activity change comparison between Toilet and Cook_Dinner];det=NONE;;N/A",1247,0,0,0,0,0,0,0,1,1,0,0,0,0,0,0,0,32758,74875,0,0,5854236272,0,0,6,13,0,0,0,0,0,0,0,0,0,527.4254958,0,3.33E+15
"RIP Parallel chain NFA|0.000000|0;Pattern SENSORSEQ4: type SENSOR_PATTERN; time window 30; structure SEQ(Sleep,Drink,Toilet,Cook_Dinner); conditions [Activity change comparison between Sleep and Drink,Activity change comparison between Drink and Toilet,Activity change comparison between Toilet and Cook_Dinner];det=NONE;;N/A",1681,8,0,0,0,0,0,0,501950,168110,0,148265,0,192908,0,23011,0,35893,74875,28137,1169,62678628,0,0,6,13,0,0,0,0,0,65221,0,0,0,1338.969416,0,3.33E+15
"Chain NFA|TRIVIAL|THROUGHPUT_LATENCY|0.0;Pattern SENSORSEQ4: type SENSOR_PATTERN; time window 30; structure SEQ(Sleep,Drink,Toilet,Cook_Dinner); conditions [Activity change comparison between Sleep and Drink,Activity change comparison between Drink and Toilet,Activity change comparison between Toilet and Cook_Dinner];det=NONE;;N/A",2729,1,0,0,0,0,0,0,567901,173828,0,173827,0,197049,0,23197,0,32758,74875,25205,1168,21052636,0,0,6,13,0,0,0,0,0,0,0,0,0,109.2099366,0,3.33E+15
"Parallel chain NFA|TRIVIAL|THROUGHPUT_LATENCY|0.0;Pattern SENSORSEQ5: type SENSOR_PATTERN; time window 30; structure SEQ(Sleep,Drink,Toilet,Cook_Dinner,Eat_Dinner); conditions [Activity change comparison between Sleep and Drink,Activity change comparison between Drink and Toilet,Activity change comparison between Toilet and Cook_Dinner,Activity change comparison between Cook_Dinner and Eat_Dinner];det=NONE;;N/A",1788,0,0,0,0,0,0,0,1,1,0,0,0,0,0,0,0,33325,117221,0,0,101910276,0,0,7,19,0,0,0,0,0,0,0,0,0,1374.123903,0,1.89E+18
"Parallel split-duplicate chain (chinese algorithm)|TRIVIAL|THROUGHPUT_LATENCY|0.0;Pattern SENSORSEQ5: type SENSOR_PATTERN; time window 30; structure SEQ(Sleep,Drink,Toilet,Cook_Dinner,Eat_Dinner); conditions [Activity change comparison between Sleep and Drink,Activity change comparison between Drink and Toilet,Activity change comparison between Toilet and Cook_Dinner,Activity change comparison between Cook_Dinner and Eat_Dinner];det=NONE;;N/A",1402,1,0,0,0,0,0,0,1,1,0,0,0,0,0,0,0,33325,117221,0,0,7895026760,0,0,7,19,0,0,0,0,0,0,0,0,0,494.2090581,0,1.89E+18
"RIP Parallel chain NFA|0.000000|0;Pattern SENSORSEQ5: type SENSOR_PATTERN; time window 30; structure SEQ(Sleep,Drink,Toilet,Cook_Dinner,Eat_Dinner); conditions [Activity change comparison between Sleep and Drink,Activity change comparison between Drink and Toilet,Activity change comparison between Toilet and Cook_Dinner,Activity change comparison between Cook_Dinner and Eat_Dinner];det=NONE;;N/A",12428,8,0,0,0,0,0,0,807076,283032,0,237193,0,305600,0,22561,0,34751,117221,101300,1169,162202136,0,0,7,19,0,0,0,0,0,63963,0,0,0,4242.656504,0,1.89E+18
"Chain NFA|TRIVIAL|THROUGHPUT_LATENCY|0.0;Pattern SENSORSEQ5: type SENSOR_PATTERN; time window 30; structure SEQ(Sleep,Drink,Toilet,Cook_Dinner,Eat_Dinner); conditions [Activity change comparison between Sleep and Drink,Activity change comparison between Drink and Toilet,Activity change comparison between Toilet and Cook_Dinner,Activity change comparison between Cook_Dinner and Eat_Dinner];det=NONE;;N/A",15368,0,0,0,0,0,0,0,920698,291049,0,291048,0,314837,0,23764,0,33325,117221,101267,1168,123161796,0,0,7,19,0,0,0,0,0,0,0,0,0,4151.691531,0,1.89E+18
"Parallel chain NFA|TRIVIAL|THROUGHPUT_LATENCY|0.0;Pattern SENSORSEQ6: type SENSOR_PATTERN; time window 30; structure SEQ(Sleep,Drink,Toilet,Cook_Dinner,Eat_Dinner,Wash_Dinner_Dishes); conditions [Activity change comparison between Sleep and Drink,Activity change comparison between Drink and Toilet,Activity change comparison between Toilet and Cook_Dinner,Activity change comparison between Cook_Dinner and Eat_Dinner,Activity change comparison between Eat_Dinner and Wash_Dinner_Dishes];det=NONE;;N/A",3784,1,0,0,0,0,0,0,1,1,0,0,0,0,0,0,0,36314,1197340,0,0,218365044,0,0,8,26,0,0,0,0,0,0,0,0,1,1616.328861,0,5.64E+21
"Parallel split-duplicate chain (chinese algorithm)|TRIVIAL|THROUGHPUT_LATENCY|0.0;Pattern SENSORSEQ6: type SENSOR_PATTERN; time window 30; structure SEQ(Sleep,Drink,Toilet,Cook_Dinner,Eat_Dinner,Wash_Dinner_Dishes); conditions [Activity change comparison between Sleep and Drink,Activity change comparison between Drink and Toilet,Activity change comparison between Toilet and Cook_Dinner,Activity change comparison between Cook_Dinner and Eat_Dinner,Activity change comparison between Eat_Dinner and Wash_Dinner_Dishes];det=NONE;;N/A",6983,1,0,0,0,0,0,0,1,1,0,0,0,0,0,0,0,36314,1197340,0,0,37549472652,0,0,8,26,0,0,0,0,0,0,0,0,1,1139.028497,0,5.64E+21
"RIP Parallel chain NFA|0.000000|0;Pattern SENSORSEQ6: type SENSOR_PATTERN; time window 30; structure SEQ(Sleep,Drink,Toilet,Cook_Dinner,Eat_Dinner,Wash_Dinner_Dishes); conditions [Activity change comparison between Sleep and Drink,Activity change comparison between Drink and Toilet,Activity change comparison between Toilet and Cook_Dinner,Activity change comparison between Cook_Dinner and Eat_Dinner,Activity change comparison between Eat_Dinner and Wash_Dinner_Dishes];det=NONE;;N/A",58522,8,0,0,0,0,0,0,4323696,1484504,0,1401364,0,1503369,0,23203,0,35526,1206280,186295,1169,306453516,0,0,8,26,0,0,0,0,0,67423,0,0,0,42326.96872,0,5.64E+21
"Chain NFA|TRIVIAL|THROUGHPUT_LATENCY|0.0;Pattern SENSORSEQ6: type SENSOR_PATTERN; time window 30; structure SEQ(Sleep,Drink,Toilet,Cook_Dinner,Eat_Dinner,Wash_Dinner_Dishes); conditions [Activity change comparison between Sleep and Drink,Activity change comparison between Drink and Toilet,Activity change comparison between Toilet and Cook_Dinner,Activity change comparison between Cook_Dinner and Eat_Dinner,Activity change comparison between Eat_Dinner and Wash_Dinner_Dishes];det=NONE;;N/A",63697,0,0,0,0,0,0,0,4518696,1488389,0,1488388,0,1515166,0,26753,0,36314,1197340,182246,1168,234670916,0,0,8,26,0,0,0,0,0,0,0,0,0,42492.60288,0,5.64E+21
"Parallel chain NFA|TRIVIAL|THROUGHPUT_LATENCY|0.0;Pattern SENSORSEQ7: type SENSOR_PATTERN; time window 30; structure SEQ(Sleep,Drink,Toilet,Cook_Dinner,Eat_Dinner,Wash_Dinner_Dishes,Take_Medicine); conditions [Activity change comparison between Sleep and Drink,Activity change comparison between Drink and Toilet,Activity change comparison between Toilet and Cook_Dinner,Activity change comparison between Cook_Dinner and Eat_Dinner,Activity change comparison between Eat_Dinner and Wash_Dinner_Dishes,Activity change comparison between Wash_Dinner_Dishes and Take_Medicine];det=NONE;;N/A",6899,1,0,0,0,0,0,0,1,1,0,0,0,0,0,0,0,37190,3219972,0,0,1716973404,0,0,9,34,0,0,0,0,0,0,0,0,0,2074.882715,0,1.11E+25
"Parallel split-duplicate chain (chinese algorithm)|TRIVIAL|THROUGHPUT_LATENCY|0.0;Pattern SENSORSEQ7: type SENSOR_PATTERN; time window 30; structure SEQ(Sleep,Drink,Toilet,Cook_Dinner,Eat_Dinner,Wash_Dinner_Dishes,Take_Medicine); conditions [Activity change comparison between Sleep and Drink,Activity change comparison between Drink and Toilet,Activity change comparison between Toilet and Cook_Dinner,Activity change comparison between Cook_Dinner and Eat_Dinner,Activity change comparison between Eat_Dinner and Wash_Dinner_Dishes,Activity change comparison between Wash_Dinner_Dishes and Take_Medicine];det=NONE;;N/A",17924,0,0,0,0,0,0,0,1,1,0,0,0,0,0,0,0,37190,3219972,0,0,1.16157E+11,0,0,9,34,0,0,0,0,0,0,0,0,0,4531.661838,0,1.11E+25
"RIP Parallel chain NFA|0.000000|0;Pattern SENSORSEQ7: type SENSOR_PATTERN; time window 30; structure SEQ(Sleep,Drink,Toilet,Cook_Dinner,Eat_Dinner,Wash_Dinner_Dishes,Take_Medicine); conditions [Activity change comparison between Sleep and Drink,Activity change comparison between Drink and Toilet,Activity change comparison between Toilet and Cook_Dinner,Activity change comparison between Cook_Dinner and Eat_Dinner,Activity change comparison between Eat_Dinner and Wash_Dinner_Dishes,Activity change comparison between Wash_Dinner_Dishes and Take_Medicine];det=NONE;;N/A",3774039,5,0,0,0,0,0,0,13999264,4700252,0,4631402,0,4721339,0,24175,0,36328,3219972,1729875,1168,2213860984,0,0,9,34,0,0,0,0,0,69324,0,0,0,1005701.089,0,1.11E+25
"Chain NFA|TRIVIAL|THROUGHPUT_LATENCY|0.0;Pattern SENSORSEQ7: type SENSOR_PATTERN; time window 30; structure SEQ(Sleep,Drink,Toilet,Cook_Dinner,Eat_Dinner,Wash_Dinner_Dishes,Take_Medicine); conditions [Activity change comparison between Sleep and Drink,Activity change comparison between Drink and Toilet,Activity change comparison between Toilet and Cook_Dinner,Activity change comparison between Cook_Dinner and Eat_Dinner,Activity change comparison between Eat_Dinner and Wash_Dinner_Dishes,Activity change comparison between Wash_Dinner_Dishes and Take_Medicine];det=NONE;;N/A",3528229,0,0,0,0,0,0,0,14180364,4708361,0,4708360,0,4736014,0,27629,0,37190,3219972,1729041,1168,2144000720,0,0,9,34,0,0,0,0,0,0,0,0,0,996334.44,0,1.11E+25
"Parallel chain NFA|TRIVIAL|THROUGHPUT_LATENCY|0.0;Pattern SENSORSEQ3: type SENSOR_PATTERN; time window 31; structure SEQ(Sleep,Drink,Toilet); conditions [Activity change comparison between Sleep and Drink,Activity change comparison between Drink and Toilet];det=NONE;;N/A",497,1,0,0,0,0,0,0,1,1,0,0,0,0,0,0,0,20197,64777,0,0,11884832,0,0,5,8,0,0,0,0,0,0,0,0,0,198.4336879,0,2.65E+11
"Parallel split-duplicate chain (chinese algorithm)|TRIVIAL|THROUGHPUT_LATENCY|0.0;Pattern SENSORSEQ3: type SENSOR_PATTERN; time window 31; structure SEQ(Sleep,Drink,Toilet); conditions [Activity change comparison between Sleep and Drink,Activity change comparison between Drink and Toilet];det=NONE;;N/A",804,1,0,0,0,0,0,0,1,1,0,0,0,0,0,0,0,20197,64777,0,0,5114384748,0,0,5,8,0,0,0,0,0,0,0,0,0,164.2698643,0,2.65E+11
"RIP Parallel chain NFA|0.000000|0;Pattern SENSORSEQ3: type SENSOR_PATTERN; time window 31; structure SEQ(Sleep,Drink,Toilet); conditions [Activity change comparison between Sleep and Drink,Activity change comparison between Drink and Toilet];det=NONE;;N/A",357,5,0,0,0,0,0,0,254904,96101,0,94419,0,103539,0,10499,0,20027,64801,8664,347,21882148,0,0,5,8,0,0,0,0,0,38377,0,0,0,72.77040478,0,2.65E+11
"Chain NFA|TRIVIAL|THROUGHPUT_LATENCY|0.0;Pattern SENSORSEQ3: type SENSOR_PATTERN; time window 31; structure SEQ(Sleep,Drink,Toilet); conditions [Activity change comparison between Sleep and Drink,Activity change comparison between Drink and Toilet];det=NONE;;N/A",766,0,0,0,0,0,0,0,338596,105767,0,105766,0,116427,0,10636,0,20197,64777,8664,347,5870004,0,0,5,8,0,0,0,0,0,0,0,0,0,50.94666317,0,2.65E+11
"Parallel chain NFA|TRIVIAL|THROUGHPUT_LATENCY|0.0;Pattern SENSORSEQ4: type SENSOR_PATTERN; time window 31; structure SEQ(Sleep,Drink,Toilet,Cook_Dinner); conditions [Activity change comparison between Sleep and Drink,Activity change comparison between Drink and Toilet,Activity change comparison between Toilet and Cook_Dinner];det=NONE;;N/A",494,1,0,0,0,0,0,0,1,1,0,0,0,0,0,0,0,32758,76611,0,0,34452040,0,0,6,13,0,0,0,0,0,0,0,0,0,187.3560063,0,3.33E+15
"Parallel split-duplicate chain (chinese algorithm)|TRIVIAL|THROUGHPUT_LATENCY|0.0;Pattern SENSORSEQ4: type SENSOR_PATTERN; time window 31; structure SEQ(Sleep,Drink,Toilet,Cook_Dinner); conditions [Activity change comparison between Sleep and Drink,Activity change comparison between Drink and Toilet,Activity change comparison between Toilet and Cook_Dinner];det=NONE;;N/A",1041,1,0,0,0,0,0,0,1,1,0,0,0,0,0,0,0,32758,76611,0,0,6129983232,0,0,6,13,0,0,0,0,0,0,0,0,0,384.9815301,0,3.33E+15
"RIP Parallel chain NFA|0.000000|0;Pattern SENSORSEQ4: type SENSOR_PATTERN; time window 31; structure SEQ(Sleep,Drink,Toilet,Cook_Dinner); conditions [Activity change comparison between Sleep and Drink,Activity change comparison between Drink and Toilet,Activity change comparison between Toilet and Cook_Dinner];det=NONE;;N/A",1912,7,0,0,0,0,0,0,491831,172842,0,149818,0,193756,0,21155,0,32700,76611,33484,1194,66825556,0,0,6,13,0,0,0,0,0,61277,0,0,0,1648.118873,0,3.33E+15
"Chain NFA|TRIVIAL|THROUGHPUT_LATENCY|0.0;Pattern SENSORSEQ4: type SENSOR_PATTERN; time window 31; structure SEQ(Sleep,Drink,Toilet,Cook_Dinner); conditions [Activity change comparison between Sleep and Drink,Activity change comparison between Drink and Toilet,Activity change comparison between Toilet and Cook_Dinner];det=NONE;;N/A",2866,0,0,0,0,0,0,0,593551,182378,0,182377,0,205599,0,23197,0,32758,76611,29262,1194,24066524,0,0,6,13,0,0,0,0,0,0,0,0,0,86.0156766,0,3.33E+15
"Parallel chain NFA|TRIVIAL|THROUGHPUT_LATENCY|0.0;Pattern SENSORSEQ5: type SENSOR_PATTERN; time window 31; structure SEQ(Sleep,Drink,Toilet,Cook_Dinner,Eat_Dinner); conditions [Activity change comparison between Sleep and Drink,Activity change comparison between Drink and Toilet,Activity change comparison between Toilet and Cook_Dinner,Activity change comparison between Cook_Dinner and Eat_Dinner];det=NONE;;N/A",693,1,0,0,0,0,0,0,1,1,0,0,0,0,0,0,0,33325,118027,0,0,88571080,0,0,7,19,0,0,0,0,0,0,0,0,0,323.2719378,0,1.89E+18
"Parallel split-duplicate chain (chinese algorithm)|TRIVIAL|THROUGHPUT_LATENCY|0.0;Pattern SENSORSEQ5: type SENSOR_PATTERN; time window 31; structure SEQ(Sleep,Drink,Toilet,Cook_Dinner,Eat_Dinner); conditions [Activity change comparison between Sleep and Drink,Activity change comparison between Drink and Toilet,Activity change comparison between Toilet and Cook_Dinner,Activity change comparison between Cook_Dinner and Eat_Dinner];det=NONE;;N/A",1343,1,0,0,0,0,0,0,1,1,0,0,0,0,0,0,0,33325,118027,0,0,8086581920,0,0,7,19,0,0,0,0,0,0,0,0,0,470.8435866,0,1.89E+18
"RIP Parallel chain NFA|0.000000|0;Pattern SENSORSEQ5: type SENSOR_PATTERN; time window 31; structure SEQ(Sleep,Drink,Toilet,Cook_Dinner,Eat_Dinner); conditions [Activity change comparison between Sleep and Drink,Activity change comparison between Drink and Toilet,Activity change comparison between Toilet and Cook_Dinner,Activity change comparison between Cook_Dinner and Eat_Dinner];det=NONE;;N/A",12493,7,0,0,0,0,0,0,799563,289167,0,245477,0,307152,0,21330,0,33561,118027,101311,1195,162866128,0,0,7,19,0,0,0,0,0,63503,0,0,0,4894.298355,0,1.89E+18
"Chain NFA|TRIVIAL|THROUGHPUT_LATENCY|0.0;Pattern SENSORSEQ5: type SENSOR_PATTERN; time window 31; structure SEQ(Sleep,Drink,Toilet,Cook_Dinner,Eat_Dinner); conditions [Activity change comparison between Sleep and Drink,Activity change comparison between Drink and Toilet,Activity change comparison between Toilet and Cook_Dinner,Activity change comparison between Cook_Dinner and Eat_Dinner];det=NONE;;N/A",15012,1,0,0,0,0,0,0,948766,300405,0,300404,0,324193,0,23764,0,33325,118027,101267,1194,123161796,0,0,7,19,0,0,0,0,0,0,0,0,0,3859.86692,0,1.89E+18
"Parallel chain NFA|TRIVIAL|THROUGHPUT_LATENCY|0.0;Pattern SENSORSEQ6: type SENSOR_PATTERN; time window 31; structure SEQ(Sleep,Drink,Toilet,Cook_Dinner,Eat_Dinner,Wash_Dinner_Dishes); conditions [Activity change comparison between Sleep and Drink,Activity change comparison between Drink and Toilet,Activity change comparison between Toilet and Cook_Dinner,Activity change comparison between Cook_Dinner and Eat_Dinner,Activity change comparison between Eat_Dinner and Wash_Dinner_Dishes];det=NONE;;N/A",3484,1,0,0,0,0,0,0,1,1,0,0,0,0,0,0,0,36314,1197340,0,0,204067632,0,0,8,26,0,0,0,0,0,0,0,0,1,1596.771427,0,5.64E+21
"Parallel split-duplicate chain (chinese algorithm)|TRIVIAL|THROUGHPUT_LATENCY|0.0;Pattern SENSORSEQ6: type SENSOR_PATTERN; time window 31; structure SEQ(Sleep,Drink,Toilet,Cook_Dinner,Eat_Dinner,Wash_Dinner_Dishes); conditions [Activity change comparison between Sleep and Drink,Activity change comparison between Drink and Toilet,Activity change comparison between Toilet and Cook_Dinner,Activity change comparison between Cook_Dinner and Eat_Dinner,Activity change comparison between Eat_Dinner and Wash_Dinner_Dishes];det=NONE;;N/A",5504,1,0,0,0,0,0,0,1,1,0,0,0,0,0,0,0,36314,1197340,0,0,37625572156,0,0,8,26,0,0,0,0,0,0,0,0,1,868.2089607,0,5.64E+21
"RIP Parallel chain NFA|0.000000|0;Pattern SENSORSEQ6: type SENSOR_PATTERN; time window 31; structure SEQ(Sleep,Drink,Toilet,Cook_Dinner,Eat_Dinner,Wash_Dinner_Dishes); conditions [Activity change comparison between Sleep and Drink,Activity change comparison between Drink and Toilet,Activity change comparison between Toilet and Cook_Dinner,Activity change comparison between Cook_Dinner and Eat_Dinner,Activity change comparison between Eat_Dinner and Wash_Dinner_Dishes];det=NONE;;N/A",57127,8,0,0,0,0,0,0,4446366,1523524,0,1422574,0,1544924,0,24868,0,36185,1197340,189895,1195,340208556,0,0,8,26,0,0,0,0,0,68837,0,0,0,41095.48166,0,5.64E+21
"Chain NFA|TRIVIAL|THROUGHPUT_LATENCY|0.0;Pattern SENSORSEQ6: type SENSOR_PATTERN; time window 31; structure SEQ(Sleep,Drink,Toilet,Cook_Dinner,Eat_Dinner,Wash_Dinner_Dishes); conditions [Activity change comparison between Sleep and Drink,Activity change comparison between Drink and Toilet,Activity change comparison between Toilet and Cook_Dinner,Activity change comparison between Cook_Dinner and Eat_Dinner,Activity change comparison between Eat_Dinner and Wash_Dinner_Dishes];det=NONE;;N/A",63527,1,0,0,0,0,0,0,4546764,1497745,0,1497744,0,1524522,0,26753,0,36314,1197340,189895,1194,249373464,0,0,8,26,0,0,0,0,0,0,0,0,0,42338.31571,0,5.64E+21
"Parallel chain NFA|TRIVIAL|THROUGHPUT_LATENCY|0.0;Pattern SENSORSEQ7: type SENSOR_PATTERN; time window 31; structure SEQ(Sleep,Drink,Toilet,Cook_Dinner,Eat_Dinner,Wash_Dinner_Dishes,Take_Medicine); conditions [Activity change comparison between Sleep and Drink,Activity change comparison between Drink and Toilet,Activity change comparison between Toilet and Cook_Dinner,Activity change comparison between Cook_Dinner and Eat_Dinner,Activity change comparison between Eat_Dinner and Wash_Dinner_Dishes,Activity change comparison between Wash_Dinner_Dishes and Take_Medicine];det=NONE;;N/A",8868,0,0,0,0,0,0,0,1,1,0,0,0,0,0,0,0,37190,3219972,0,0,1640518616,0,0,9,34,0,0,0,0,0,0,0,0,0,4307.157101,0,1.11E+25
"Parallel split-duplicate chain (chinese algorithm)|TRIVIAL|THROUGHPUT_LATENCY|0.0;Pattern SENSORSEQ7: type SENSOR_PATTERN; time window 31; structure SEQ(Sleep,Drink,Toilet,Cook_Dinner,Eat_Dinner,Wash_Dinner_Dishes,Take_Medicine); conditions [Activity change comparison between Sleep and Drink,Activity change comparison between Drink and Toilet,Activity change comparison between Toilet and Cook_Dinner,Activity change comparison between Cook_Dinner and Eat_Dinner,Activity change comparison between Eat_Dinner and Wash_Dinner_Dishes,Activity change comparison between Wash_Dinner_Dishes and Take_Medicine];det=NONE;;N/A",17773,0,0,0,0,0,0,0,1,1,0,0,0,0,0,0,0,37190,3219972,0,0,1.16248E+11,0,0,9,34,0,0,0,0,0,0,0,0,0,3471.671981,0,1.11E+25
"RIP Parallel chain NFA|0.000000|0;Pattern SENSORSEQ7: type SENSOR_PATTERN; time window 31; structure SEQ(Sleep,Drink,Toilet,Cook_Dinner,Eat_Dinner,Wash_Dinner_Dishes,Take_Medicine); conditions [Activity change comparison between Sleep and Drink,Activity change comparison between Drink and Toilet,Activity change comparison between Toilet and Cook_Dinner,Activity change comparison between Cook_Dinner and Eat_Dinner,Activity change comparison between Eat_Dinner and Wash_Dinner_Dishes,Activity change comparison between Wash_Dinner_Dishes and Take_Medicine];det=NONE;;N/A",4001252,10,0,0,0,0,0,0,14388844,4830771,0,4744464,0,4856501,0,25572,0,37624,3310686,1779292,1195,2190947780,0,0,9,34,0,0,0,0,0,70378,0,0,0,1070681.445,0,1.11E+25
"Chain NFA|TRIVIAL|THROUGHPUT_LATENCY|0.0;Pattern SENSORSEQ7: type SENSOR_PATTERN; time window 31; structure SEQ(Sleep,Drink,Toilet,Cook_Dinner,Eat_Dinner,Wash_Dinner_Dishes,Take_Medicine); conditions [Activity change comparison between Sleep and Drink,Activity change comparison between Drink and Toilet,Activity change comparison between Toilet and Cook_Dinner,Activity change comparison between Cook_Dinner and Eat_Dinner,Activity change comparison between Eat_Dinner and Wash_Dinner_Dishes,Activity change comparison between Wash_Dinner_Dishes and Take_Medicine];det=NONE;;N/A",3531707,0,0,0,0,0,0,0,14208432,4717717,0,4717716,0,4745370,0,27629,0,37190,3219972,1729041,1194,2144000720,0,0,9,34,0,0,0,0,0,0,0,0,0,997383.0126,0,1.11E+25
"Parallel chain NFA|TRIVIAL|THROUGHPUT_LATENCY|0.0;Pattern SENSORSEQ3: type SENSOR_PATTERN; time window 32; structure SEQ(Sleep,Drink,Toilet); conditions [Activity change comparison between Sleep and Drink,Activity change comparison between Drink and Toilet];det=NONE;;N/A",524,1,0,0,0,0,0,0,1,1,0,0,0,0,0,0,0,20197,68971,0,0,12497136,0,0,5,8,0,0,0,0,0,0,0,0,0,196.6065883,0,2.65E+11
"Parallel split-duplicate chain (chinese algorithm)|TRIVIAL|THROUGHPUT_LATENCY|0.0;Pattern SENSORSEQ3: type SENSOR_PATTERN; time window 32; structure SEQ(Sleep,Drink,Toilet); conditions [Activity change comparison between Sleep and Drink,Activity change comparison between Drink and Toilet];det=NONE;;N/A",845,0,0,0,0,0,0,0,1,1,0,0,0,0,0,0,0,20197,68971,0,0,5419466636,0,0,5,8,0,0,0,0,0,0,0,0,0,192.7348886,0,2.65E+11
"RIP Parallel chain NFA|0.000000|0;Pattern SENSORSEQ3: type SENSOR_PATTERN; time window 32; structure SEQ(Sleep,Drink,Toilet); conditions [Activity change comparison between Sleep and Drink,Activity change comparison between Drink and Toilet];det=NONE;;N/A",391,6,0,0,0,0,0,0,243900,96859,0,100702,0,103831,0,10064,0,19589,69024,8664,347,22724688,0,0,5,8,0,0,0,0,0,38153,0,0,0,99.43199467,0,2.65E+11
"Chain NFA|TRIVIAL|THROUGHPUT_LATENCY|0.0;Pattern SENSORSEQ3: type SENSOR_PATTERN; time window 32; structure SEQ(Sleep,Drink,Toilet); conditions [Activity change comparison between Sleep and Drink,Activity change comparison between Drink and Toilet];det=NONE;;N/A",694,0,0,0,0,0,0,0,354223,110976,0,110975,0,121636,0,10636,0,20197,68971,8664,347,5870004,0,0,5,8,0,0,0,0,0,0,0,0,0,52.64144351,0,2.65E+11
"Parallel chain NFA|TRIVIAL|THROUGHPUT_LATENCY|0.0;Pattern SENSORSEQ4: type SENSOR_PATTERN; time window 32; structure SEQ(Sleep,Drink,Toilet,Cook_Dinner); conditions [Activity change comparison between Sleep and Drink,Activity change comparison between Drink and Toilet,Activity change comparison between Toilet and Cook_Dinner];det=NONE;;N/A",669,1,0,0,0,0,0,0,1,1,0,0,0,0,0,0,0,32758,78462,0,0,34898204,0,0,6,13,0,0,0,0,0,0,0,0,0,352.5307537,0,3.33E+15
"Parallel split-duplicate chain (chinese algorithm)|TRIVIAL|THROUGHPUT_LATENCY|0.0;Pattern SENSORSEQ4: type SENSOR_PATTERN; time window 32; structure SEQ(Sleep,Drink,Toilet,Cook_Dinner); conditions [Activity change comparison between Sleep and Drink,Activity change comparison between Drink and Toilet,Activity change comparison between Toilet and Cook_Dinner];det=NONE;;N/A",1000,0,0,0,0,0,0,0,1,1,0,0,0,0,0,0,0,32758,78462,0,0,6361686620,0,0,6,13,0,0,0,0,0,0,0,0,0,366.2642808,0,3.33E+15
"RIP Parallel chain NFA|0.000000|0;Pattern SENSORSEQ4: type SENSOR_PATTERN; time window 32; structure SEQ(Sleep,Drink,Toilet,Cook_Dinner); conditions [Activity change comparison between Sleep and Drink,Activity change comparison between Drink and Toilet,Activity change comparison between Toilet and Cook_Dinner];det=NONE;;N/A",2438,6,0,0,0,0,0,0,532682,181007,0,184430,0,200412,0,22053,0,33053,78462,37847,1239,70101180,0,0,6,13,0,0,0,0,0,61756,0,0,0,2126.539216,0,3.33E+15
"Chain NFA|TRIVIAL|THROUGHPUT_LATENCY|0.0;Pattern SENSORSEQ4: type SENSOR_PATTERN; time window 32; structure SEQ(Sleep,Drink,Toilet,Cook_Dinner); conditions [Activity change comparison between Sleep and Drink,Activity change comparison between Drink and Toilet,Activity change comparison between Toilet and Cook_Dinner];det=NONE;;N/A",3380,0,0,0,0,0,0,0,614731,189438,0,189437,0,212659,0,23197,0,32758,78462,35917,1238,29594636,0,0,6,13,0,0,0,0,0,0,0,0,0,86.92735337,0,3.33E+15
"Parallel chain NFA|TRIVIAL|THROUGHPUT_LATENCY|0.0;Pattern SENSORSEQ5: type SENSOR_PATTERN; time window 32; structure SEQ(Sleep,Drink,Toilet,Cook_Dinner,Eat_Dinner); conditions [Activity change comparison between Sleep and Drink,Activity change comparison between Drink and Toilet,Activity change comparison between Toilet and Cook_Dinner,Activity change comparison between Cook_Dinner and Eat_Dinner];det=NONE;;N/A",635,1,0,0,0,0,0,0,1,1,0,0,0,0,0,0,0,33325,118027,0,0,77573748,0,0,7,19,0,0,0,0,0,0,0,0,0,290.4188279,0,1.89E+18
"Parallel split-duplicate chain (chinese algorithm)|TRIVIAL|THROUGHPUT_LATENCY|0.0;Pattern SENSORSEQ5: type SENSOR_PATTERN; time window 32; structure SEQ(Sleep,Drink,Toilet,Cook_Dinner,Eat_Dinner); conditions [Activity change comparison between Sleep and Drink,Activity change comparison between Drink and Toilet,Activity change comparison between Toilet and Cook_Dinner,Activity change comparison between Cook_Dinner and Eat_Dinner];det=NONE;;N/A",1492,0,0,0,0,0,0,0,1,1,0,0,0,0,0,0,0,33325,118027,0,0,8221525088,0,0,7,19,0,0,0,0,0,0,0,0,0,570.4032552,0,1.89E+18
"RIP Parallel chain NFA|0.000000|0;Pattern SENSORSEQ5: type SENSOR_PATTERN; time window 32; structure SEQ(Sleep,Drink,Toilet,Cook_Dinner,Eat_Dinner); conditions [Activity change comparison between Sleep and Drink,Activity change comparison between Drink and Toilet,Activity change comparison between Toilet and Cook_Dinner,Activity change comparison between Cook_Dinner and Eat_Dinner];det=NONE;;N/A",14336,7,0,0,0,0,0,0,870624,299588,0,280926,0,318965,0,20682,0,32640,118027,101334,1238,161861392,0,0,7,19,0,0,0,0,0,62408,0,0,0,5703.039686,0,1.89E+18
"Chain NFA|TRIVIAL|THROUGHPUT_LATENCY|0.0;Pattern SENSORSEQ5: type SENSOR_PATTERN; time window 32; structure SEQ(Sleep,Drink,Toilet,Cook_Dinner,Eat_Dinner); conditions [Activity change comparison between Sleep and Drink,Activity change comparison between Drink and Toilet,Activity change comparison between Toilet and Cook_Dinner,Activity change comparison between Cook_Dinner and Eat_Dinner];det=NONE;;N/A",17506,0,0,0,0,0,0,0,969946,307465,0,307464,0,331253,0,23764,0,33325,118027,101267,1238,123161796,0,0,7,19,0,0,0,0,0,0,0,0,0,4551.932863,0,1.89E+18
"Parallel chain NFA|TRIVIAL|THROUGHPUT_LATENCY|0.0;Pattern SENSORSEQ6: type SENSOR_PATTERN; time window 32; structure SEQ(Sleep,Drink,Toilet,Cook_Dinner,Eat_Dinner,Wash_Dinner_Dishes); conditions [Activity change comparison between Sleep and Drink,Activity change comparison between Drink and Toilet,Activity change comparison between Toilet and Cook_Dinner,Activity change comparison between Cook_Dinner and Eat_Dinner,Activity change comparison between Eat_Dinner and Wash_Dinner_Dishes];det=NONE;;N/A",5212,1,0,0,0,0,0,0,1,1,0,0,0,0,0,0,0,36314,1197340,0,0,205915620,0,0,8,26,0,0,0,0,0,0,0,0,1,3424.563126,0,5.64E+21
"Parallel split-duplicate chain (chinese algorithm)|TRIVIAL|THROUGHPUT_LATENCY|0.0;Pattern SENSORSEQ6: type SENSOR_PATTERN; time window 32; structure SEQ(Sleep,Drink,Toilet,Cook_Dinner,Eat_Dinner,Wash_Dinner_Dishes); conditions [Activity change comparison between Sleep and Drink,Activity change comparison between Drink and Toilet,Activity change comparison between Toilet and Cook_Dinner,Activity change comparison between Cook_Dinner and Eat_Dinner,Activity change comparison between Eat_Dinner and Wash_Dinner_Dishes];det=NONE;;N/A",5638,1,0,0,0,0,0,0,1,1,0,0,0,0,0,0,0,36314,1197340,0,0,37781963288,0,0,8,26,0,0,0,0,0,0,0,0,1,1255.654335,0,5.64E+21
"RIP Parallel chain NFA|0.000000|0;Pattern SENSORSEQ6: type SENSOR_PATTERN; time window 32; structure SEQ(Sleep,Drink,Toilet,Cook_Dinner,Eat_Dinner,Wash_Dinner_Dishes); conditions [Activity change comparison between Sleep and Drink,Activity change comparison between Drink and Toilet,Activity change comparison between Toilet and Cook_Dinner,Activity change comparison between Cook_Dinner and Eat_Dinner,Activity change comparison between Eat_Dinner and Wash_Dinner_Dishes];det=NONE;;N/A",63893,8,0,0,0,0,0,0,4387466,1493299,0,1422846,0,1512132,0,23404,0,35832,1197340,189962,1239,289310764,0,0,8,26,0,0,0,0,0,68878,0,0,0,48172.92298,0,5.64E+21
"Chain NFA|TRIVIAL|THROUGHPUT_LATENCY|0.0;Pattern SENSORSEQ6: type SENSOR_PATTERN; time window 32; structure SEQ(Sleep,Drink,Toilet,Cook_Dinner,Eat_Dinner,Wash_Dinner_Dishes); conditions [Activity change comparison between Sleep and Drink,Activity change comparison between Drink and Toilet,Activity change comparison between Toilet and Cook_Dinner,Activity change comparison between Cook_Dinner and Eat_Dinner,Activity change comparison between Eat_Dinner and Wash_Dinner_Dishes];det=NONE;;N/A",63978,0,0,0,0,0,0,0,4567944,1504805,0,1504804,0,1531582,0,26753,0,36314,1197340,189895,1238,249373464,0,0,8,26,0,0,0,0,0,0,0,0,0,42873.84086,0,5.64E+21
"Parallel chain NFA|TRIVIAL|THROUGHPUT_LATENCY|0.0;Pattern SENSORSEQ7: type SENSOR_PATTERN; time window 32; structure SEQ(Sleep,Drink,Toilet,Cook_Dinner,Eat_Dinner,Wash_Dinner_Dishes,Take_Medicine); conditions [Activity change comparison between Sleep and Drink,Activity change comparison between Drink and Toilet,Activity change comparison between Toilet and Cook_Dinner,Activity change comparison between Cook_Dinner and Eat_Dinner,Activity change comparison between Eat_Dinner and Wash_Dinner_Dishes,Activity change comparison between Wash_Dinner_Dishes and Take_Medicine];det=NONE;;N/A",6806,0,0,0,0,0,0,0,1,1,0,0,0,0,0,0,0,37190,3219972,0,0,1700446308,0,0,9,34,0,0,0,0,0,0,0,0,0,2099.838479,0,1.11E+25
"Parallel split-duplicate chain (chinese algorithm)|TRIVIAL|THROUGHPUT_LATENCY|0.0;Pattern SENSORSEQ7: type SENSOR_PATTERN; time window 32; structure SEQ(Sleep,Drink,Toilet,Cook_Dinner,Eat_Dinner,Wash_Dinner_Dishes,Take_Medicine); conditions [Activity change comparison between Sleep and Drink,Activity change comparison between Drink and Toilet,Activity change comparison between Toilet and Cook_Dinner,Activity change comparison between Cook_Dinner and Eat_Dinner,Activity change comparison between Eat_Dinner and Wash_Dinner_Dishes,Activity change comparison between Wash_Dinner_Dishes and Take_Medicine];det=NONE;;N/A",17555,0,0,0,0,0,0,0,1,1,0,0,0,0,0,0,0,37190,3219972,0,0,1.16312E+11,0,0,9,34,0,0,0,0,0,0,0,0,0,4336.93127,0,1.11E+25
"RIP Parallel chain NFA|0.000000|0;Pattern SENSORSEQ7: type SENSOR_PATTERN; time window 32; structure SEQ(Sleep,Drink,Toilet,Cook_Dinner,Eat_Dinner,Wash_Dinner_Dishes,Take_Medicine); conditions [Activity change comparison between Sleep and Drink,Activity change comparison between Drink and Toilet,Activity change comparison between Toilet and Cook_Dinner,Activity change comparison between Cook_Dinner and Eat_Dinner,Activity change comparison between Eat_Dinner and Wash_Dinner_Dishes,Activity change comparison between Wash_Dinner_Dishes and Take_Medicine];det=NONE;;N/A",3774289,8,0,0,0,0,0,0,26244948,9196452,0,7872070,0,9220972,0,25539,0,36212,6439708,1729896,1239,4328766372,0,0,9,34,0,0,0,0,0,70221,0,0,0,1035861.357,0,1.11E+25
"Chain NFA|TRIVIAL|THROUGHPUT_LATENCY|0.0;Pattern SENSORSEQ7: type SENSOR_PATTERN; time window 32; structure SEQ(Sleep,Drink,Toilet,Cook_Dinner,Eat_Dinner,Wash_Dinner_Dishes,Take_Medicine); conditions [Activity change comparison between Sleep and Drink,Activity change comparison between Drink and Toilet,Activity change comparison between Toilet and Cook_Dinner,Activity change comparison between Cook_Dinner and Eat_Dinner,Activity change comparison between Eat_Dinner and Wash_Dinner_Dishes,Activity change comparison between Wash_Dinner_Dishes and Take_Medicine];det=NONE;;N/A",3531819,1,0,0,0,0,0,0,14229612,4724777,0,4724776,0,4752430,0,27629,0,37190,3219972,1729041,1238,2144000720,0,0,9,34,0,0,0,0,0,0,0,0,0,993225.0571,0,1.11E+25
"Parallel chain NFA|TRIVIAL|THROUGHPUT_LATENCY|0.0;Pattern SENSORSEQ3: type SENSOR_PATTERN; time window 33; structure SEQ(Sleep,Drink,Toilet); conditions [Activity change comparison between Sleep and Drink,Activity change comparison between Drink and Toilet];det=NONE;;N/A",509,0,0,0,0,0,0,0,1,1,0,0,0,0,0,0,0,20197,72416,0,0,12006384,0,0,5,8,0,0,0,0,0,0,0,0,0,217.7003701,0,2.65E+11
"Parallel split-duplicate chain (chinese algorithm)|TRIVIAL|THROUGHPUT_LATENCY|0.0;Pattern SENSORSEQ3: type SENSOR_PATTERN; time window 33; structure SEQ(Sleep,Drink,Toilet); conditions [Activity change comparison between Sleep and Drink,Activity change comparison between Drink and Toilet];det=NONE;;N/A",960,0,0,0,0,0,0,0,1,1,0,0,0,0,0,0,0,20197,72416,0,0,5683999572,0,0,5,8,0,0,0,0,0,0,0,0,0,231.2878784,0,2.65E+11
"RIP Parallel chain NFA|0.000000|0;Pattern SENSORSEQ3: type SENSOR_PATTERN; time window 33; structure SEQ(Sleep,Drink,Toilet); conditions [Activity change comparison between Sleep and Drink,Activity change comparison between Drink and Toilet];det=NONE;;N/A",416,6,0,0,0,0,0,0,290076,104947,0,106262,0,115974,0,10225,0,20204,72469,8664,347,22997844,0,0,5,8,0,0,0,0,0,38438,0,0,0,95.9625495,0,2.65E+11
"Chain NFA|TRIVIAL|THROUGHPUT_LATENCY|0.0;Pattern SENSORSEQ3: type SENSOR_PATTERN; time window 33; structure SEQ(Sleep,Drink,Toilet); conditions [Activity change comparison between Sleep and Drink,Activity change comparison between Drink and Toilet];det=NONE;;N/A",902,0,0,0,0,0,0,0,368785,115830,0,115829,0,126490,0,10636,0,20197,72416,8664,347,5870004,0,0,5,8,0,0,0,0,0,0,0,0,0,71.86356606,0,2.65E+11
"Parallel chain NFA|TRIVIAL|THROUGHPUT_LATENCY|0.0;Pattern SENSORSEQ4: type SENSOR_PATTERN; time window 33; structure SEQ(Sleep,Drink,Toilet,Cook_Dinner); conditions [Activity change comparison between Sleep and Drink,Activity change comparison between Drink and Toilet,Activity change comparison between Toilet and Cook_Dinner];det=NONE;;N/A",515,1,0,0,0,0,0,0,1,1,0,0,0,0,0,0,0,32758,81201,0,0,30708352,0,0,6,13,0,0,0,0,0,0,0,0,0,106.9557887,0,3.33E+15
"Parallel split-duplicate chain (chinese algorithm)|TRIVIAL|THROUGHPUT_LATENCY|0.0;Pattern SENSORSEQ4: type SENSOR_PATTERN; time window 33; structure SEQ(Sleep,Drink,Toilet,Cook_Dinner); conditions [Activity change comparison between Sleep and Drink,Activity change comparison between Drink and Toilet,Activity change comparison between Toilet and Cook_Dinner];det=NONE;;N/A",990,1,0,0,0,0,0,0,1,1,0,0,0,0,0,0,0,32758,81201,0,0,6618754048,0,0,6,13,0,0,0,0,0,0,0,0,0,393.2156131,0,3.33E+15
"RIP Parallel chain NFA|0.000000|0;Pattern SENSORSEQ4: type SENSOR_PATTERN; time window 33; structure SEQ(Sleep,Drink,Toilet,Cook_Dinner); conditions [Activity change comparison between Sleep and Drink,Activity change comparison between Drink and Toilet,Activity change comparison between Toilet and Cook_Dinner];det=NONE;;N/A",2566,6,0,0,0,0,0,0,577335,200747,0,191143,0,221488,0,22397,0,34699,81201,41580,1266,78034792,0,0,6,13,0,0,0,0,0,64264,0,0,0,2272.163693,0,3.33E+15
"Chain NFA|TRIVIAL|THROUGHPUT_LATENCY|0.0;Pattern SENSORSEQ4: type SENSOR_PATTERN; time window 33; structure SEQ(Sleep,Drink,Toilet,Cook_Dinner); conditions [Activity change comparison between Sleep and Drink,Activity change comparison between Drink and Toilet,Activity change comparison between Toilet and Cook_Dinner];det=NONE;;N/A",3627,0,0,0,0,0,0,0,637510,197031,0,197030,0,220252,0,23197,0,32758,81201,38176,1265,31453580,0,0,6,13,0,0,0,0,0,0,0,0,0,105.2015862,0,3.33E+15
"Parallel chain NFA|TRIVIAL|THROUGHPUT_LATENCY|0.0;Pattern SENSORSEQ5: type SENSOR_PATTERN; time window 33; structure SEQ(Sleep,Drink,Toilet,Cook_Dinner,Eat_Dinner); conditions [Activity change comparison between Sleep and Drink,Activity change comparison between Drink and Toilet,Activity change comparison between Toilet and Cook_Dinner,Activity change comparison between Cook_Dinner and Eat_Dinner];det=NONE;;N/A",2020,1,0,0,0,0,0,0,1,1,0,0,0,0,0,0,0,33325,126032,0,0,127764784,0,0,7,19,0,0,0,0,0,0,0,0,0,1649.435913,0,1.89E+18
"Parallel split-duplicate chain (chinese algorithm)|TRIVIAL|THROUGHPUT_LATENCY|0.0;Pattern SENSORSEQ5: type SENSOR_PATTERN; time window 33; structure SEQ(Sleep,Drink,Toilet,Cook_Dinner,Eat_Dinner); conditions [Activity change comparison between Sleep and Drink,Activity change comparison between Drink and Toilet,Activity change comparison between Toilet and Cook_Dinner,Activity change comparison between Cook_Dinner and Eat_Dinner];det=NONE;;N/A",1313,0,0,0,0,0,0,0,1,1,0,0,0,0,0,0,0,33325,126032,0,0,8568043996,0,0,7,19,0,0,0,0,0,0,0,0,0,490.421266,0,1.89E+18
"RIP Parallel chain NFA|0.000000|0;Pattern SENSORSEQ5: type SENSOR_PATTERN; time window 33; structure SEQ(Sleep,Drink,Toilet,Cook_Dinner,Eat_Dinner); conditions [Activity change comparison between Sleep and Drink,Activity change comparison between Drink and Toilet,Activity change comparison between Toilet and Cook_Dinner,Activity change comparison between Cook_Dinner and Eat_Dinner];det=NONE;;N/A",15569,7,0,0,0,0,0,0,925300,315482,0,317452,0,335824,0,21418,0,33771,126032,107597,1266,170031028,0,0,7,19,0,0,0,0,0,63986,0,0,0,6074.834613,0,1.89E+18
"Chain NFA|TRIVIAL|THROUGHPUT_LATENCY|0.0;Pattern SENSORSEQ5: type SENSOR_PATTERN; time window 33; structure SEQ(Sleep,Drink,Toilet,Cook_Dinner,Eat_Dinner); conditions [Activity change comparison between Sleep and Drink,Activity change comparison between Drink and Toilet,Activity change comparison between Toilet and Cook_Dinner,Activity change comparison between Cook_Dinner and Eat_Dinner];det=NONE;;N/A",17592,1,0,0,0,0,0,0,1016740,323063,0,323062,0,346851,0,23764,0,33325,126032,107521,1265,130741496,0,0,7,19,0,0,0,0,0,0,0,0,0,4757.041624,0,1.89E+18
"Parallel chain NFA|TRIVIAL|THROUGHPUT_LATENCY|0.0;Pattern SENSORSEQ6: type SENSOR_PATTERN; time window 33; structure SEQ(Sleep,Drink,Toilet,Cook_Dinner,Eat_Dinner,Wash_Dinner_Dishes); conditions [Activity change comparison between Sleep and Drink,Activity change comparison between Drink and Toilet,Activity change comparison between Toilet and Cook_Dinner,Activity change comparison between Cook_Dinner and Eat_Dinner,Activity change comparison between Eat_Dinner and Wash_Dinner_Dishes];det=NONE;;N/A",3443,1,0,0,0,0,0,0,1,1,0,0,0,0,0,0,0,36314,1716615,0,0,213379708,0,0,8,26,0,0,0,0,0,0,0,0,1,1003.444478,0,5.64E+21
"Parallel split-duplicate chain (chinese algorithm)|TRIVIAL|THROUGHPUT_LATENCY|0.0;Pattern SENSORSEQ6: type SENSOR_PATTERN; time window 33; structure SEQ(Sleep,Drink,Toilet,Cook_Dinner,Eat_Dinner,Wash_Dinner_Dishes); conditions [Activity change comparison between Sleep and Drink,Activity change comparison between Drink and Toilet,Activity change comparison between Toilet and Cook_Dinner,Activity change comparison between Cook_Dinner and Eat_Dinner,Activity change comparison between Eat_Dinner and Wash_Dinner_Dishes];det=NONE;;N/A",6916,1,0,0,0,0,0,0,1,1,0,0,0,0,0,0,0,36314,1716615,0,0,51967001884,0,0,8,26,0,0,0,0,0,0,0,0,1,1026.962004,0,5.64E+21
"RIP Parallel chain NFA|0.000000|0;Pattern SENSORSEQ6: type SENSOR_PATTERN; time window 33; structure SEQ(Sleep,Drink,Toilet,Cook_Dinner,Eat_Dinner,Wash_Dinner_Dishes); conditions [Activity change comparison between Sleep and Drink,Activity change comparison between Drink and Toilet,Activity change comparison between Toilet and Cook_Dinner,Activity change comparison between Cook_Dinner and Eat_Dinner,Activity change comparison between Eat_Dinner and Wash_Dinner_Dishes];det=NONE;;N/A",105983,5,0,0,0,0,0,0,5971226,2030451,0,1911755,0,2051991,0,24128,0,34749,1716615,241940,1265,395668592,0,0,8,26,0,0,0,0,0,67837,0,0,0,71436.33943,0,5.64E+21
"Chain NFA|TRIVIAL|THROUGHPUT_LATENCY|0.0;Pattern SENSORSEQ6: type SENSOR_PATTERN; time window 33; structure SEQ(Sleep,Drink,Toilet,Cook_Dinner,Eat_Dinner,Wash_Dinner_Dishes); conditions [Activity change comparison between Sleep and Drink,Activity change comparison between Drink and Toilet,Activity change comparison between Toilet and Cook_Dinner,Activity change comparison between Cook_Dinner and Eat_Dinner,Activity change comparison between Eat_Dinner and Wash_Dinner_Dishes];det=NONE;;N/A",119321,0,0,0,0,0,0,0,6172563,2039678,0,2039677,0,2066455,0,26753,0,36314,1716615,241414,1265,354570364,0,0,8,26,0,0,0,0,0,0,0,0,0,73466.94598,0,5.64E+21
"Parallel chain NFA|TRIVIAL|THROUGHPUT_LATENCY|0.0;Pattern SENSORSEQ7: type SENSOR_PATTERN; time window 33; structure SEQ(Sleep,Drink,Toilet,Cook_Dinner,Eat_Dinner,Wash_Dinner_Dishes,Take_Medicine); conditions [Activity change comparison between Sleep and Drink,Activity change comparison between Drink and Toilet,Activity change comparison between Toilet and Cook_Dinner,Activity change comparison between Cook_Dinner and Eat_Dinner,Activity change comparison between Eat_Dinner and Wash_Dinner_Dishes,Activity change comparison between Wash_Dinner_Dishes and Take_Medicine];det=NONE;;N/A",6045,1,0,0,0,0,0,0,1,1,0,0,0,0,0,0,0,37190,3219972,0,0,1772449112,0,0,9,34,0,0,0,0,0,0,0,0,0,1570.353889,0,1.11E+25
"Parallel split-duplicate chain (chinese algorithm)|TRIVIAL|THROUGHPUT_LATENCY|0.0;Pattern SENSORSEQ7: type SENSOR_PATTERN; time window 33; structure SEQ(Sleep,Drink,Toilet,Cook_Dinner,Eat_Dinner,Wash_Dinner_Dishes,Take_Medicine); conditions [Activity change comparison between Sleep and Drink,Activity change comparison between Drink and Toilet,Activity change comparison between Toilet and Cook_Dinner,Activity change comparison between Cook_Dinner and Eat_Dinner,Activity change comparison between Eat_Dinner and Wash_Dinner_Dishes,Activity change comparison between Wash_Dinner_Dishes and Take_Medicine];det=NONE;;N/A",17618,0,0,0,0,0,0,0,1,1,0,0,0,0,0,0,0,37190,3219972,0,0,1.28026E+11,0,0,9,34,0,0,0,0,0,0,0,0,0,4456.500364,0,1.11E+25
"RIP Parallel chain NFA|0.000000|0;Pattern SENSORSEQ7: type SENSOR_PATTERN; time window 33; structure SEQ(Sleep,Drink,Toilet,Cook_Dinner,Eat_Dinner,Wash_Dinner_Dishes,Take_Medicine); conditions [Activity change comparison between Sleep and Drink,Activity change comparison between Drink and Toilet,Activity change comparison between Toilet and Cook_Dinner,Activity change comparison between Cook_Dinner and Eat_Dinner,Activity change comparison between Eat_Dinner and Wash_Dinner_Dishes,Activity change comparison between Wash_Dinner_Dishes and Take_Medicine];det=NONE;;N/A",3777186,7,0,0,0,0,0,0,14437647,5249076,0,3952563,0,5270373,0,25384,0,36645,3219972,1818085,1266,2163603284,0,0,9,34,0,0,0,0,0,70547,0,0,0,3069588.064,0,1.11E+25
"Chain NFA|TRIVIAL|THROUGHPUT_LATENCY|0.0;Pattern SENSORSEQ7: type SENSOR_PATTERN; time window 33; structure SEQ(Sleep,Drink,Toilet,Cook_Dinner,Eat_Dinner,Wash_Dinner_Dishes,Take_Medicine); conditions [Activity change comparison between Sleep and Drink,Activity change comparison between Drink and Toilet,Activity change comparison between Toilet and Cook_Dinner,Activity change comparison between Cook_Dinner and Eat_Dinner,Activity change comparison between Eat_Dinner and Wash_Dinner_Dishes,Activity change comparison between Wash_Dinner_Dishes and Take_Medicine];det=NONE;;N/A",4619826,1,0,0,0,0,0,0,15834231,5259650,0,5259649,0,5287303,0,27629,0,37190,3219972,1729041,1265,2144000720,0,0,9,34,0,0,0,0,0,0,0,0,0,2091784.725,0,1.11E+25
"Parallel chain NFA|TRIVIAL|THROUGHPUT_LATENCY|0.0;Pattern SENSORSEQ3: type SENSOR_PATTERN; time window 34; structure SEQ(Sleep,Drink,Toilet); conditions [Activity change comparison between Sleep and Drink,Activity change comparison between Drink and Toilet];det=NONE;;N/A",519,1,0,0,0,0,0,0,1,1,0,0,0,0,0,0,0,20197,75159,0,0,12077100,0,0,5,8,0,0,0,0,0,0,0,0,0,138.1323461,0,2.65E+11
"Parallel split-duplicate chain (chinese algorithm)|TRIVIAL|THROUGHPUT_LATENCY|0.0;Pattern SENSORSEQ3: type SENSOR_PATTERN; time window 34; structure SEQ(Sleep,Drink,Toilet); conditions [Activity change comparison between Sleep and Drink,Activity change comparison between Drink and Toilet];det=NONE;;N/A",862,1,0,0,0,0,0,0,1,1,0,0,0,0,0,0,0,20197,75159,0,0,5901600088,0,0,5,8,0,0,0,0,0,0,0,0,0,193.2932849,0,2.65E+11
"RIP Parallel chain NFA|0.000000|0;Pattern SENSORSEQ3: type SENSOR_PATTERN; time window 34; structure SEQ(Sleep,Drink,Toilet); conditions [Activity change comparison between Sleep and Drink,Activity change comparison between Drink and Toilet];det=NONE;;N/A",349,5,0,0,0,0,0,0,282851,105510,0,109877,0,114798,0,9756,0,19888,75212,8664,347,24636712,0,0,5,8,0,0,0,0,0,38177,0,0,0,90.9292932,0,2.65E+11
"Chain NFA|TRIVIAL|THROUGHPUT_LATENCY|0.0;Pattern SENSORSEQ3: type SENSOR_PATTERN; time window 34; structure SEQ(Sleep,Drink,Toilet); conditions [Activity change comparison between Sleep and Drink,Activity change comparison between Drink and Toilet];det=NONE;;N/A",991,0,0,0,0,0,0,0,381160,119955,0,119954,0,130615,0,10636,0,20197,75159,8664,347,5870004,0,0,5,8,0,0,0,0,0,0,0,0,0,87.78138347,0,2.65E+11
"Parallel chain NFA|TRIVIAL|THROUGHPUT_LATENCY|0.0;Pattern SENSORSEQ4: type SENSOR_PATTERN; time window 34; structure SEQ(Sleep,Drink,Toilet,Cook_Dinner); conditions [Activity change comparison between Sleep and Drink,Activity change comparison between Drink and Toilet,Activity change comparison between Toilet and Cook_Dinner];det=NONE;;N/A",625,1,0,0,0,0,0,0,1,1,0,0,0,0,0,0,0,32758,81297,0,0,40801144,0,0,6,13,0,0,0,0,0,0,0,0,0,314.0046127,0,3.33E+15
"Parallel split-duplicate chain (chinese algorithm)|TRIVIAL|THROUGHPUT_LATENCY|0.0;Pattern SENSORSEQ4: type SENSOR_PATTERN; time window 34; structure SEQ(Sleep,Drink,Toilet,Cook_Dinner); conditions [Activity change comparison between Sleep and Drink,Activity change comparison between Drink and Toilet,Activity change comparison between Toilet and Cook_Dinner];det=NONE;;N/A",958,0,0,0,0,0,0,0,1,1,0,0,0,0,0,0,0,32758,81297,0,0,6724845656,0,0,6,13,0,0,0,0,0,0,0,0,0,360.9969495,0,3.33E+15
"RIP Parallel chain NFA|0.000000|0;Pattern SENSORSEQ4: type SENSOR_PATTERN; time window 34; structure SEQ(Sleep,Drink,Toilet,Cook_Dinner); conditions [Activity change comparison between Sleep and Drink,Activity change comparison between Drink and Toilet,Activity change comparison between Toilet and Cook_Dinner];det=NONE;;N/A",509,6,0,0,0,0,0,0,457165,186343,0,117522,0,205946,0,20757,0,32316,81297,44294,1287,77777280,0,0,6,13,0,0,0,0,0,61217,0,0,0,152.3049805,0,3.33E+15
"Chain NFA|TRIVIAL|THROUGHPUT_LATENCY|0.0;Pattern SENSORSEQ4: type SENSOR_PATTERN; time window 34; structure SEQ(Sleep,Drink,Toilet,Cook_Dinner); conditions [Activity change comparison between Sleep and Drink,Activity change comparison between Drink and Toilet,Activity change comparison between Toilet and Cook_Dinner];det=NONE;;N/A",3897,0,0,0,0,0,0,0,650173,201252,0,201251,0,224473,0,23197,0,32758,81297,42578,1287,34841972,0,0,6,13,0,0,0,0,0,0,0,0,0,96.4625878,0,3.33E+15
"Parallel chain NFA|TRIVIAL|THROUGHPUT_LATENCY|0.0;Pattern SENSORSEQ5: type SENSOR_PATTERN; time window 34; structure SEQ(Sleep,Drink,Toilet,Cook_Dinner,Eat_Dinner); conditions [Activity change comparison between Sleep and Drink,Activity change comparison between Drink and Toilet,Activity change comparison between Toilet and Cook_Dinner,Activity change comparison between Cook_Dinner and Eat_Dinner];det=NONE;;N/A",693,1,0,0,0,0,0,0,1,1,0,0,0,0,0,0,0,33325,132723,0,0,93232088,0,0,7,19,0,0,0,0,0,0,0,0,0,321.5451203,0,1.89E+18
"Parallel split-duplicate chain (chinese algorithm)|TRIVIAL|THROUGHPUT_LATENCY|0.0;Pattern SENSORSEQ5: type SENSOR_PATTERN; time window 34; structure SEQ(Sleep,Drink,Toilet,Cook_Dinner,Eat_Dinner); conditions [Activity change comparison between Sleep and Drink,Activity change comparison between Drink and Toilet,Activity change comparison between Toilet and Cook_Dinner,Activity change comparison between Cook_Dinner and Eat_Dinner];det=NONE;;N/A",1413,0,0,0,0,0,0,0,1,1,0,0,0,0,0,0,0,33325,132723,0,0,8996708200,0,0,7,19,0,0,0,0,0,0,0,0,0,552.0961099,0,1.89E+18
"RIP Parallel chain NFA|0.000000|0;Pattern SENSORSEQ5: type SENSOR_PATTERN; time window 34; structure SEQ(Sleep,Drink,Toilet,Cook_Dinner,Eat_Dinner); conditions [Activity change comparison between Sleep and Drink,Activity change comparison between Drink and Toilet,Activity change comparison between Toilet and Cook_Dinner,Activity change comparison between Cook_Dinner and Eat_Dinner];det=NONE;;N/A",16594,7,0,0,0,0,0,0,1002416,339410,0,328825,0,361941,0,22331,0,35452,132723,113851,1288,181815160,0,0,7,19,0,0,0,0,0,63265,0,0,0,6025.912291,0,1.89E+18
"Chain NFA|TRIVIAL|THROUGHPUT_LATENCY|0.0;Pattern SENSORSEQ5: type SENSOR_PATTERN; time window 34; structure SEQ(Sleep,Drink,Toilet,Cook_Dinner,Eat_Dinner); conditions [Activity change comparison between Sleep and Drink,Activity change comparison between Drink and Toilet,Activity change comparison between Toilet and Cook_Dinner,Activity change comparison between Cook_Dinner and Eat_Dinner];det=NONE;;N/A",18041,0,0,0,0,0,0,0,1049476,333975,0,333974,0,357763,0,23764,0,33325,132723,113775,1287,138321196,0,0,7,19,0,0,0,0,0,0,0,0,0,4089.67454,0,1.89E+18
"Parallel chain NFA|TRIVIAL|THROUGHPUT_LATENCY|0.0;Pattern SENSORSEQ6: type SENSOR_PATTERN; time window 34; structure SEQ(Sleep,Drink,Toilet,Cook_Dinner,Eat_Dinner,Wash_Dinner_Dishes); conditions [Activity change comparison between Sleep and Drink,Activity change comparison between Drink and Toilet,Activity change comparison between Toilet and Cook_Dinner,Activity change comparison between Cook_Dinner and Eat_Dinner,Activity change comparison between Eat_Dinner and Wash_Dinner_Dishes];det=NONE;;N/A",4931,1,0,0,0,0,0,0,1,1,0,0,0,0,0,0,0,36314,2421837,0,0,271705640,0,0,8,26,0,0,0,0,0,0,0,0,1,1694.478445,0,5.64E+21
"Parallel split-duplicate chain (chinese algorithm)|TRIVIAL|THROUGHPUT_LATENCY|0.0;Pattern SENSORSEQ6: type SENSOR_PATTERN; time window 34; structure SEQ(Sleep,Drink,Toilet,Cook_Dinner,Eat_Dinner,Wash_Dinner_Dishes); conditions [Activity change comparison between Sleep and Drink,Activity change comparison between Drink and Toilet,Activity change comparison between Toilet and Cook_Dinner,Activity change comparison between Cook_Dinner and Eat_Dinner,Activity change comparison between Eat_Dinner and Wash_Dinner_Dishes];det=NONE;;N/A",9417,0,0,0,0,0,0,0,1,1,0,0,0,0,0,0,0,36314,2421837,0,0,71018920932,0,0,8,26,0,0,0,0,0,0,0,0,1,1210.346109,0,5.64E+21
"RIP Parallel chain NFA|0.000000|0;Pattern SENSORSEQ6: type SENSOR_PATTERN; time window 34; structure SEQ(Sleep,Drink,Toilet,Cook_Dinner,Eat_Dinner,Wash_Dinner_Dishes); conditions [Activity change comparison between Sleep and Drink,Activity change comparison between Drink and Toilet,Activity change comparison between Toilet and Cook_Dinner,Activity change comparison between Cook_Dinner and Eat_Dinner,Activity change comparison between Eat_Dinner and Wash_Dinner_Dishes];det=NONE;;N/A",161274,15,0,0,0,0,0,0,8071948,2746422,0,2582026,0,2768662,0,24958,0,35474,2421837,242030,1287,395686756,0,0,8,26,0,0,0,0,0,67791,0,0,0,95466.12348,0,5.64E+21
"Chain NFA|TRIVIAL|THROUGHPUT_LATENCY|0.0;Pattern SENSORSEQ6: type SENSOR_PATTERN; time window 34; structure SEQ(Sleep,Drink,Toilet,Cook_Dinner,Eat_Dinner,Wash_Dinner_Dishes); conditions [Activity change comparison between Sleep and Drink,Activity change comparison between Drink and Toilet,Activity change comparison between Toilet and Cook_Dinner,Activity change comparison between Cook_Dinner and Eat_Dinner,Activity change comparison between Eat_Dinner and Wash_Dinner_Dishes];det=NONE;;N/A",177949,0,0,0,0,0,0,0,8320965,2755812,0,2755811,0,2782589,0,26753,0,36314,2421837,241414,1287,354577180,0,0,8,26,0,0,0,0,0,0,0,0,0,93516.81297,0,5.64E+21
"Parallel chain NFA|TRIVIAL|THROUGHPUT_LATENCY|0.0;Pattern SENSORSEQ7: type SENSOR_PATTERN; time window 34; structure SEQ(Sleep,Drink,Toilet,Cook_Dinner,Eat_Dinner,Wash_Dinner_Dishes,Take_Medicine); conditions [Activity change comparison between Sleep and Drink,Activity change comparison between Drink and Toilet,Activity change comparison between Toilet and Cook_Dinner,Activity change comparison between Cook_Dinner and Eat_Dinner,Activity change comparison between Eat_Dinner and Wash_Dinner_Dishes,Activity change comparison between Wash_Dinner_Dishes and Take_Medicine];det=NONE;;N/A",7180,0,0,0,0,0,0,0,1,1,0,0,0,0,0,0,0,37190,3219972,0,0,2422496996,0,0,9,34,0,0,0,0,0,0,0,0,0,2670.456557,0,1.11E+25
"Parallel split-duplicate chain (chinese algorithm)|TRIVIAL|THROUGHPUT_LATENCY|0.0;Pattern SENSORSEQ7: type SENSOR_PATTERN; time window 34; structure SEQ(Sleep,Drink,Toilet,Cook_Dinner,Eat_Dinner,Wash_Dinner_Dishes,Take_Medicine); conditions [Activity change comparison between Sleep and Drink,Activity change comparison between Drink and Toilet,Activity change comparison between Toilet and Cook_Dinner,Activity change comparison between Cook_Dinner and Eat_Dinner,Activity change comparison between Eat_Dinner and Wash_Dinner_Dishes,Activity change comparison between Wash_Dinner_Dishes and Take_Medicine];det=NONE;;N/A",17427,0,0,0,0,0,0,0,1,1,0,0,0,0,0,0,0,37190,3219972,0,0,1.43796E+11,0,0,9,34,0,0,0,0,0,0,0,0,0,4269.700752,0,1.11E+25
